-- phpMyAdmin SQL Dump
-- version 4.5.1
-- http://www.phpmyadmin.net
--
-- Host: 127.0.0.1
-- Generation Time: 2016-12-21 02:12:53
-- 服务器版本： 10.1.13-MariaDB
-- PHP Version: 5.6.21

SET SQL_MODE = "NO_AUTO_VALUE_ON_ZERO";
SET time_zone = "+00:00";


/*!40101 SET @OLD_CHARACTER_SET_CLIENT=@@CHARACTER_SET_CLIENT */;
/*!40101 SET @OLD_CHARACTER_SET_RESULTS=@@CHARACTER_SET_RESULTS */;
/*!40101 SET @OLD_COLLATION_CONNECTION=@@COLLATION_CONNECTION */;
/*!40101 SET NAMES utf8mb4 */;

--
-- Database: `mmonitor`
--

-- --------------------------------------------------------

--
-- 表的结构 `access_log`
--

CREATE TABLE `access_log` (
  `id` int(10) UNSIGNED NOT NULL,
  `ip` char(15) NOT NULL DEFAULT '',
  `spmcode` char(40) NOT NULL DEFAULT '',
  `time` datetime NOT NULL
) ENGINE=InnoDB DEFAULT CHARSET=utf8;

-- --------------------------------------------------------

--
-- 表的结构 `cache`
--

CREATE TABLE `cache` (
  `id` varchar(128) NOT NULL,
  `expire` int(11) NOT NULL,
  `data` blob NOT NULL
) ENGINE=InnoDB DEFAULT CHARSET=utf8;

--
-- 转存表中的数据 `cache`
--

INSERT INTO `cache` (`id`, `expire`, `data`) VALUES
('963454f612a8b5fb4a63ba1e97f028a1', 0, 0x613a323a7b693a303b613a323a7b693a303b613a323a7b693a303b4f3a31353a227969695c7765625c55726c52756c65223a31343a7b733a343a226e616d65223b733a32393a223c636f6e74726f6c6c65723a5c772b3e2f3c616374696f6e3a5c772b3e223b733a373a227061747465726e223b733a34323a22235e283f503c6134636632363639613e5c772b292f283f503c6134376363386339323e5c772b29242375223b733a343a22686f7374223b4e3b733a353a22726f757465223b733a32313a223c636f6e74726f6c6c65723e2f3c616374696f6e3e223b733a383a2264656661756c7473223b613a303a7b7d733a363a22737566666978223b4e3b733a343a2276657262223b4e3b733a343a226d6f6465223b4e3b733a31323a22656e636f6465506172616d73223b623a313b733a31353a22002a00706c616365686f6c64657273223b613a323a7b733a393a22613463663236363961223b733a31303a22636f6e74726f6c6c6572223b733a393a22613437636338633932223b733a363a22616374696f6e223b7d733a32363a22007969695c7765625c55726c52756c65005f74656d706c617465223b733a32333a222f3c636f6e74726f6c6c65723e2f3c616374696f6e3e2f223b733a32373a22007969695c7765625c55726c52756c65005f726f75746552756c65223b733a34323a22235e283f503c6134636632363639613e5c772b292f283f503c6134376363386339323e5c772b29242375223b733a32383a22007969695c7765625c55726c52756c65005f706172616d52756c6573223b613a303a7b7d733a32393a22007969695c7765625c55726c52756c65005f726f757465506172616d73223b613a323a7b733a31303a22636f6e74726f6c6c6572223b733a31323a223c636f6e74726f6c6c65723e223b733a363a22616374696f6e223b733a383a223c616374696f6e3e223b7d7d693a313b4f3a31353a227969695c7765625c55726c52756c65223a31343a7b733a343a226e616d65223b733a33383a223c636f6e74726f6c6c65723a5c772b3e2f3c616374696f6e3a5c772b3e2f3c69643a5c642b3e223b733a373a227061747465726e223b733a36313a22235e283f503c6134636632363639613e5c772b292f283f503c6134376363386339323e5c772b292f283f503c6162663339363735303e5c642b29242375223b733a343a22686f7374223b4e3b733a353a22726f757465223b733a32313a223c636f6e74726f6c6c65723e2f3c616374696f6e3e223b733a383a2264656661756c7473223b613a303a7b7d733a363a22737566666978223b4e3b733a343a2276657262223b4e3b733a343a226d6f6465223b4e3b733a31323a22656e636f6465506172616d73223b623a313b733a31353a22002a00706c616365686f6c64657273223b613a333a7b733a393a22613463663236363961223b733a31303a22636f6e74726f6c6c6572223b733a393a22613437636338633932223b733a363a22616374696f6e223b733a393a22616266333936373530223b733a323a226964223b7d733a32363a22007969695c7765625c55726c52756c65005f74656d706c617465223b733a32383a222f3c636f6e74726f6c6c65723e2f3c616374696f6e3e2f3c69643e2f223b733a32373a22007969695c7765625c55726c52756c65005f726f75746552756c65223b733a34323a22235e283f503c6134636632363639613e5c772b292f283f503c6134376363386339323e5c772b29242375223b733a32383a22007969695c7765625c55726c52756c65005f706172616d52756c6573223b613a313a7b733a323a226964223b733a383a22235e5c642b242375223b7d733a32393a22007969695c7765625c55726c52756c65005f726f757465506172616d73223b613a323a7b733a31303a22636f6e74726f6c6c6572223b733a31323a223c636f6e74726f6c6c65723e223b733a363a22616374696f6e223b733a383a223c616374696f6e3e223b7d7d7d693a313b733a33323a226364613635616562386462353963613933653962626262623833336637663464223b7d693a313b4e3b7d);

-- --------------------------------------------------------

--
-- 表的结构 `daycount`
--

CREATE TABLE `daycount` (
  `id` int(10) UNSIGNED NOT NULL,
  `appkey` char(9) NOT NULL,
  `page` int(11) NOT NULL,
  `type` char(3) NOT NULL DEFAULT '',
  `ip` char(15) NOT NULL,
  `time` datetime NOT NULL,
  `referrer` varchar(100) NOT NULL DEFAULT '',
  `message` varchar(100) NOT NULL DEFAULT '',
  `num` int(11) NOT NULL DEFAULT '0',
  `created_at` datetime NOT NULL,
  `updated_at` datetime NOT NULL
) ENGINE=InnoDB DEFAULT CHARSET=utf8;

--
-- 转存表中的数据 `daycount`
--

INSERT INTO `daycount` (`id`, `appkey`, `page`, `type`, `ip`, `time`, `referrer`, `message`, `num`, `created_at`, `updated_at`) VALUES
(134, '123.10', 0, '-1', '192.168.1.109', '2016-12-19 10:32:17', '', '["sdjfsdlk"]', 0, '2016-12-16 10:33:13', '2016-12-16 10:33:13'),
(135, '123.10', 0, '-1', '192.168.1.109', '2016-12-18 10:32:22', '', '["sdjfsdlk"]', 0, '2016-12-16 10:33:13', '2016-12-16 10:33:13'),
(136, '123.10', 0, '-1', '192.168.1.109', '2016-12-18 10:32:26', '', '["sdjfsdlk"]', 0, '2016-12-16 10:33:13', '2016-12-16 10:33:13'),
(137, '123.10', 0, '-1', '192.168.1.109', '2016-12-16 10:32:28', '', '["sdjfsdlk"]', 0, '2016-12-16 10:33:13', '2016-12-16 10:33:13'),
(138, '123.10', 0, '0', '192.168.1.109', '2016-12-16 10:31:57', '', '["sdjfsdlk"]', 0, '2016-12-16 10:33:13', '2016-12-16 10:33:13'),
(139, '123.10', 0, '0', '192.168.1.109', '2016-12-16 10:32:03', '', '["sdjfsdlk"]', 0, '2016-12-16 10:33:13', '2016-12-16 10:33:13'),
(140, '123.10', 0, '0', '192.168.1.109', '2016-12-16 10:32:05', '', '["sdjfsdlk","123213"]', 0, '2016-12-16 10:33:13', '2016-12-16 10:33:13'),
(141, '123.10', 0, '0', '192.168.1.109', '2016-12-16 10:32:06', '', '["sdjfsdlk","123213"]', 0, '2016-12-16 10:33:13', '2016-12-16 10:33:13'),
(142, '123.10', 0, '1', '192.168.1.109', '2016-12-15 10:32:38', '', '', 0, '2016-12-16 10:33:13', '2016-12-16 10:33:13'),
(143, '123.10', 0, '1', '192.168.1.109', '2016-12-16 10:32:51', '', '', 0, '2016-12-16 10:33:13', '2016-12-16 10:33:13'),
(144, '123.10', 0, '2', '192.168.1.109', '2016-12-15 10:32:45', '', '', 0, '2016-12-16 10:33:13', '2016-12-16 10:33:13'),
(145, '123.10', 0, '2', '192.168.1.109', '2016-12-16 10:32:55', '', '', 0, '2016-12-16 10:33:13', '2016-12-16 10:33:13'),
(146, '123.10', 0, '-1', '192.168.1.108', '2016-12-16 10:32:17', '', '["sdjfsdlk"]', 0, '2016-12-16 10:33:13', '2016-12-16 10:33:13'),
(147, '123.10', 0, '-1', '192.168.1.108', '2016-12-16 10:32:22', '', '["sdjfsdlk","123213"]', 0, '2016-12-16 10:33:13', '2016-12-16 10:33:13'),
(148, '123.10', 0, '-1', '192.168.1.108', '2016-12-16 10:32:26', '', '["sdjfsdlk"]', 0, '2016-12-16 10:33:13', '2016-12-16 10:33:13'),
(149, '123.10', 0, '-1', '192.168.1.108', '2016-12-16 10:32:28', '', '["sdjfsdlk"]', 0, '2016-12-16 10:33:13', '2016-12-16 10:33:13'),
(150, '123.10', 0, '0', '192.168.1.108', '2016-12-16 10:31:57', '', '["sdjfsdlk"]', 0, '2016-12-16 10:33:13', '2016-12-16 10:33:13'),
(151, '123.10', 0, '0', '192.168.1.108', '2016-12-16 10:32:03', '', '["sdjfsdlk"]', 0, '2016-12-16 10:33:13', '2016-12-16 10:33:13'),
(152, '123.10', 0, '0', '192.168.1.108', '2016-12-16 10:32:05', '', '["sdjfsdlk"]', 0, '2016-12-16 10:33:13', '2016-12-16 10:33:13'),
(153, '123.10', 0, '0', '192.168.1.108', '2016-12-16 10:32:06', '', '["sdjfsdlk","123213"]', 0, '2016-12-16 10:33:13', '2016-12-16 10:33:13'),
(154, '123.10', 0, '1', '192.168.1.108', '2016-12-15 10:32:38', '', '', 0, '2016-12-16 10:33:13', '2016-12-16 10:33:13'),
(155, '123.10', 0, '1', '192.168.1.108', '2016-12-16 10:32:51', '', '', 0, '2016-12-16 10:33:13', '2016-12-16 10:33:13'),
(156, '123.10', 0, '2', '192.168.1.108', '2016-12-15 10:32:45', '', '', 0, '2016-12-16 10:33:13', '2016-12-16 10:33:13'),
(157, '123.10', 0, '2', '192.168.1.108', '2016-12-16 10:32:55', '', '', 0, '2016-12-16 10:33:13', '2016-12-16 10:33:13'),
(158, '123.11', 0, '-1', '192.168.1.109', '2016-12-15 10:32:17', '', '["sdjfsdlk"]', 0, '2016-12-16 10:33:13', '2016-12-16 10:33:13'),
(159, '123.11', 0, '-1', '192.168.1.109', '2016-12-16 10:32:22', '', '["sdjfsdlk"]', 0, '2016-12-16 10:33:13', '2016-12-16 10:33:13'),
(160, '123.11', 0, '-1', '192.168.1.109', '2016-12-16 10:32:26', '', '["sdjfsdlk"]', 0, '2016-12-16 10:33:13', '2016-12-16 10:33:13'),
(161, '123.11', 0, '-1', '192.168.1.109', '2016-12-16 10:32:28', '', '["sdjfsdlk","123213"]', 0, '2016-12-16 10:33:13', '2016-12-16 10:33:13'),
(162, '123.11', 0, '0', '192.168.1.109', '2016-12-16 10:31:57', '', '["sdjfsdlk"]', 0, '2016-12-16 10:33:13', '2016-12-16 10:33:13'),
(163, '123.11', 0, '0', '192.168.1.109', '2016-12-16 10:32:03', '', '["sdjfsdlk"]', 0, '2016-12-16 10:33:13', '2016-12-16 10:33:13'),
(164, '123.11', 0, '0', '192.168.1.109', '2016-12-16 10:32:05', '', '["sdjfsdlk","123213"]', 0, '2016-12-16 10:33:13', '2016-12-16 10:33:13'),
(165, '123.11', 0, '0', '192.168.1.109', '2016-12-16 10:32:06', '', '["sdjfsdlk"]', 0, '2016-12-16 10:33:13', '2016-12-16 10:33:13'),
(166, '123.11', 0, '1', '192.168.1.109', '2016-12-15 09:32:38', '', '', 0, '2016-12-16 10:33:13', '2016-12-16 10:33:13'),
(167, '123.11', 0, '1', '192.168.1.109', '2016-12-16 10:32:51', '', '', 0, '2016-12-16 10:33:13', '2016-12-16 10:33:13'),
(168, '123.11', 0, '2', '192.168.1.109', '2016-12-15 10:32:45', '', '', 0, '2016-12-16 10:33:13', '2016-12-16 10:33:13'),
(169, '123.11', 0, '2', '192.168.1.109', '2016-12-16 10:32:55', '', '', 0, '2016-12-16 10:33:13', '2016-12-16 10:33:13'),
(170, '123.11', 0, '-1', '192.168.1.108', '2016-12-16 10:32:17', '', '["sdjfsdlk"]', 0, '2016-12-16 10:33:13', '2016-12-16 10:33:13'),
(171, '123.11', 0, '-1', '192.168.1.108', '2016-12-16 10:32:22', '', '["sdjfsdlk"]', 0, '2016-12-16 10:33:13', '2016-12-16 10:33:13'),
(172, '123.11', 0, '-1', '192.168.1.108', '2016-12-16 10:32:26', '', '["sdjfsdlk","123213"]', 0, '2016-12-16 10:33:13', '2016-12-16 10:33:13'),
(173, '123.11', 0, '-1', '192.168.1.108', '2016-12-16 10:32:28', '', '["sdjfsdlk"]', 0, '2016-12-16 10:33:13', '2016-12-16 10:33:13'),
(174, '123.11', 0, '0', '192.168.1.108', '2016-12-16 10:31:57', '', '["sdjfsdlk"]', 0, '2016-12-16 10:33:13', '2016-12-16 10:33:13'),
(175, '123.11', 0, '0', '192.168.1.108', '2016-12-16 10:32:03', '', '["sdjfsdlk","123213"]', 0, '2016-12-16 10:33:13', '2016-12-16 10:33:13'),
(176, '123.11', 0, '0', '192.168.1.108', '2016-12-16 10:32:05', '', '["sdjfsdlk"]', 0, '2016-12-16 10:33:13', '2016-12-16 10:33:13'),
(177, '123.11', 0, '0', '192.168.1.108', '2016-12-16 10:32:06', '', '["sdjfsdlk","123213"]', 0, '2016-12-16 10:33:13', '2016-12-16 10:33:13'),
(178, '123.11', 0, '1', '192.168.1.108', '2016-12-15 10:32:38', '', '', 0, '2016-12-16 10:33:13', '2016-12-16 10:33:13'),
(179, '123.11', 0, '1', '192.168.1.108', '2016-12-16 10:32:51', '', '', 0, '2016-12-16 10:33:13', '2016-12-16 10:33:13'),
(180, '123.11', 0, '2', '192.168.1.108', '2016-12-15 10:32:45', '', '', 0, '2016-12-16 10:33:13', '2016-12-16 10:33:13'),
(181, '123.11', 0, '2', '192.168.1.108', '2016-12-16 10:32:55', '', '', 0, '2016-12-16 10:33:13', '2016-12-16 10:33:13'),
(182, '123.11', 0, '-1', '192.168.1.109', '2016-12-15 10:32:17', '', '["sdjfsdlk"]', 0, '2016-12-16 10:33:13', '2016-12-16 10:33:13'),
(183, '123.11', 0, '-1', '192.168.1.109', '2016-12-16 10:32:22', '', '["sdjfsdlk"]', 0, '2016-12-16 10:33:13', '2016-12-16 10:33:13'),
(184, '123.11', 0, '-1', '192.168.1.109', '2016-12-16 10:32:26', '', '["sdjfsdlk","123213"]', 0, '2016-12-16 10:33:13', '2016-12-16 10:33:13'),
(185, '123.11', 0, '-1', '192.168.1.109', '2016-12-16 10:32:28', '', '["sdjfsdlk"]', 0, '2016-12-16 10:33:13', '2016-12-16 10:33:13'),
(186, '123.11', 0, '0', '192.168.1.109', '2016-12-16 10:31:57', '', '["sdjfsdlk","123213"]', 0, '2016-12-16 10:33:13', '2016-12-16 10:33:13'),
(187, '123.11', 0, '0', '192.168.1.109', '2016-12-16 10:32:03', '', '["sdjfsdlk"]', 0, '2016-12-16 10:33:13', '2016-12-16 10:33:13'),
(188, '123.11', 0, '0', '192.168.1.109', '2016-12-16 10:32:05', '', '["sdjfsdlk"]', 0, '2016-12-16 10:33:13', '2016-12-16 10:33:13'),
(189, '123.11', 0, '0', '192.168.1.109', '2016-12-16 10:32:06', '', '["sdjfsdlk","123213"]', 0, '2016-12-16 10:33:13', '2016-12-16 10:33:13'),
(190, '123.11', 0, '1', '192.168.1.109', '2016-12-15 10:32:38', '', '', 0, '2016-12-16 10:33:13', '2016-12-16 10:33:13'),
(191, '123.11', 0, '1', '192.168.1.109', '2016-12-16 10:32:51', '', '', 0, '2016-12-16 10:33:13', '2016-12-16 10:33:13'),
(192, '123.11', 0, '2', '192.168.1.109', '2016-12-15 10:32:45', '', '', 0, '2016-12-16 10:33:13', '2016-12-16 10:33:13'),
(193, '123.11', 0, '2', '192.168.1.109', '2016-12-16 10:32:55', '', '', 0, '2016-12-16 10:33:13', '2016-12-16 10:33:13');

-- --------------------------------------------------------

--
-- 表的结构 `domain`
--

CREATE TABLE `domain` (
  `id` int(10) UNSIGNED NOT NULL,
  `appkey` char(9) NOT NULL,
  `domain_name` varchar(100) NOT NULL
) ENGINE=InnoDB DEFAULT CHARSET=utf8;

--
-- 转存表中的数据 `domain`
--

INSERT INTO `domain` (`id`, `appkey`, `domain_name`) VALUES
(14, '201612191', 'www.test1.com'),
(15, '201612192', 'www.test2.com'),
(16, '201612193', 'www.test3.com');

-- --------------------------------------------------------

--
-- 表的结构 `ipaddress`
--

CREATE TABLE `ipaddress` (
  `id` int(10) UNSIGNED NOT NULL,
  `ipaddress` char(15) NOT NULL,
  `created_at` datetime NOT NULL,
  `updated_at` datetime NOT NULL
) ENGINE=InnoDB DEFAULT CHARSET=utf8;

--
-- 转存表中的数据 `ipaddress`
--

INSERT INTO `ipaddress` (`id`, `ipaddress`, `created_at`, `updated_at`) VALUES
(5, '192.168.1.109', '2016-12-16 10:23:20', '2016-12-16 10:23:20');

-- --------------------------------------------------------

--
-- 表的结构 `page`
--

CREATE TABLE `page` (
  `id` int(10) UNSIGNED NOT NULL,
  `d_id` int(11) NOT NULL,
  `page_url` varchar(100) NOT NULL
) ENGINE=InnoDB DEFAULT CHARSET=utf8;

--
-- 转存表中的数据 `page`
--

INSERT INTO `page` (`id`, `d_id`, `page_url`) VALUES
(1, 14, 'www.test1.com/example1'),
(2, 14, 'www.test1.com/example2'),
(3, 15, 'www.test2.com/example1'),
(4, 15, 'www.test2.com/example2'),
(5, 16, 'www.test3.com/example1'),
(6, 16, 'www.test3.com/example2');

-- --------------------------------------------------------

--
-- 表的结构 `scount`
--

CREATE TABLE `scount` (
  `id` int(10) UNSIGNED NOT NULL,
  `appkey` char(9) NOT NULL,
  `page` int(11) NOT NULL,
  `type` char(3) NOT NULL DEFAULT '',
  `ip` char(15) NOT NULL COMMENT '返回内容',
  `time` datetime NOT NULL,
  `referrer` varchar(100) NOT NULL DEFAULT '',
  `message` varchar(100) NOT NULL DEFAULT '',
  `hour` char(2) NOT NULL COMMENT '整点数',
  `week` char(1) NOT NULL COMMENT '星期',
  `created_at` datetime NOT NULL COMMENT '时间',
  `updated_at` datetime NOT NULL
) ENGINE=InnoDB DEFAULT CHARSET=utf8;

--
-- 转存表中的数据 `scount`
--

INSERT INTO `scount` (`id`, `appkey`, `page`, `type`, `ip`, `time`, `referrer`, `message`, `hour`, `week`, `created_at`, `updated_at`) VALUES
(1, '201612191', 1, '1', '192.168.1.101', '2016-12-19 16:59:41', '', '', '16', '1', '2016-12-19 16:59:49', '2016-12-19 16:59:52'),
(2, '201612191', 1, '2', '192.168.1.101', '2016-12-19 17:59:41', '', '', '17', '1', '2016-12-19 16:59:49', '2016-12-19 16:59:52'),
(3, '201612191', 1, '1', '192.168.1.102', '2016-12-19 16:59:41', '', '', '16', '1', '2016-12-19 16:59:49', '2016-12-19 16:59:52'),
(4, '201612191', 1, '2', '192.168.1.102', '2016-12-19 17:59:41', '', '', '17', '1', '2016-12-19 16:59:49', '2016-12-19 16:59:52'),
(5, '201612191', 1, '1', '192.168.1.101', '2016-12-19 18:59:41', '', '', '18', '1', '2016-12-19 16:59:49', '2016-12-19 16:59:52'),
(6, '201612191', 1, '2', '192.168.1.101', '2016-12-19 19:59:41', '', '', '19', '1', '2016-12-19 16:59:49', '2016-12-19 16:59:52'),
(7, '201612191', 1, '1', '192.168.1.103', '2016-12-19 16:59:41', '', '', '16', '1', '2016-12-19 16:59:49', '2016-12-19 16:59:52'),
(8, '201612191', 1, '2', '192.168.1.103', '2016-12-19 17:20:41', '', '', '17', '1', '2016-12-19 16:59:49', '2016-12-19 16:59:52'),
(9, '201612191', 1, '0', '192.168.1.101', '2016-12-19 16:59:41', '', '["error1","error2"]', '16', '1', '2016-12-19 16:59:49', '2016-12-19 16:59:52'),
(10, '201612191', 1, '0', '192.168.1.101', '2016-12-19 06:59:41', '', '["error1","error2"]', '06', '1', '2016-12-19 16:59:49', '2016-12-19 16:59:52'),
(11, '201612191', 1, '-1', '192.168.1.102', '2016-12-19 15:59:41', '', '["warn1","warn2"]', '15', '1', '2016-12-19 16:59:49', '2016-12-19 16:59:52'),
(12, '201612191', 1, '-1', '192.168.1.103', '2016-12-19 16:30:41', '', '["warn1","warn2"]', '16', '1', '2016-12-19 16:59:49', '2016-12-19 16:59:52'),
(13, '201612191', 1, '-1', '192.168.1.101', '2016-12-19 16:59:00', '', '["warn1","warn2"]', '16', '1', '2016-12-19 16:59:49', '2016-12-19 16:59:52'),
(14, '201612191', 2, '1', '192.168.1.101', '2016-12-19 16:31:41', '', '', '16', '1', '2016-12-19 16:59:49', '2016-12-19 16:59:52'),
(15, '201612191', 2, '2', '192.168.1.101', '2016-12-19 16:32:41', '', '', '16', '1', '2016-12-19 16:59:49', '2016-12-19 16:59:52'),
(16, '201612191', 2, '1', '192.168.1.102', '2016-12-19 16:33:41', '', '', '16', '1', '2016-12-19 16:59:49', '2016-12-19 16:59:52'),
(17, '201612191', 2, '2', '192.168.1.102', '2016-12-19 16:33:59', '', '', '16', '1', '2016-12-19 16:59:49', '2016-12-19 16:59:52'),
(18, '201612191', 2, '1', '192.168.1.103', '2016-12-19 16:34:41', '', '', '16', '1', '2016-12-19 16:59:49', '2016-12-19 16:59:52'),
(19, '201612191', 2, '2', '192.168.1.103', '2016-12-19 16:35:41', '', '', '16', '1', '2016-12-19 16:59:49', '2016-12-19 16:59:52'),
(20, '201612191', 2, '0', '192.168.1.101', '2016-12-19 16:36:41', '', '["error1","error2"]', '16', '1', '2016-12-19 16:59:49', '2016-12-19 16:59:52'),
(21, '201612191', 2, '0', '192.168.1.102', '2016-12-19 16:37:41', '', '["error1","error2"]', '16', '1', '2016-12-19 16:59:49', '2016-12-19 16:59:52'),
(22, '201612191', 2, '-1', '192.168.1.101', '2016-12-19 16:38:41', '', '["warn1","warn2"]', '16', '1', '2016-12-19 16:59:49', '2016-12-19 16:59:52'),
(23, '201612192', 3, '1', '192.168.1.101', '2016-12-19 16:50:41', '', '', '16', '1', '2016-12-19 16:59:49', '2016-12-19 16:59:52'),
(24, '201612192', 3, '2', '192.168.1.101', '2016-12-19 16:59:41', '', '', '16', '1', '2016-12-19 16:59:49', '2016-12-19 16:59:52'),
(25, '201612192', 3, '1', '192.168.1.102', '2016-12-19 16:56:41', '', '', '16', '1', '2016-12-19 16:59:49', '2016-12-19 16:59:52'),
(26, '201612192', 3, '2', '192.168.1.102', '2016-12-19 16:59:41', '', '', '16', '1', '2016-12-19 16:59:49', '2016-12-19 16:59:52'),
(27, '201612192', 3, '1', '192.168.1.103', '2016-12-19 16:55:41', '', '', '16', '1', '2016-12-19 16:59:49', '2016-12-19 16:59:52'),
(28, '201612192', 3, '2', '192.168.1.103', '2016-12-19 16:59:41', '', '', '16', '1', '2016-12-19 16:59:49', '2016-12-19 16:59:52'),
(29, '201612192', 3, '1', '192.168.1.101', '2016-12-19 16:20:41', '', '', '16', '1', '2016-12-19 16:59:49', '2016-12-19 16:59:52'),
(30, '201612192', 3, '2', '192.168.1.101', '2016-12-19 16:21:41', '', '', '16', '1', '2016-12-19 16:59:49', '2016-12-19 16:59:52'),
(31, '201612192', 3, '0', '192.168.1.101', '2016-12-19 15:59:41', '', '["error1","error2"]', '15', '1', '2016-12-19 16:59:49', '2016-12-19 16:59:52'),
(32, '201612192', 3, '0', '192.168.1.102', '2016-12-19 15:59:41', '', '["error1","error2"]', '15', '1', '2016-12-19 16:59:49', '2016-12-19 16:59:52'),
(33, '201612192', 3, '-1', '192.168.1.101', '2016-12-19 16:01:41', '', '["warn1","warn2"]', '16', '1', '2016-12-19 16:59:49', '2016-12-19 16:59:52'),
(34, '201612192', 4, '1', '192.168.1.101', '2016-12-19 16:44:41', '', '', '16', '1', '2016-12-19 16:59:49', '2016-12-19 16:59:52'),
(35, '201612192', 4, '2', '192.168.1.101', '2016-12-19 16:15:41', '', '', '16', '1', '2016-12-19 16:59:49', '2016-12-19 16:59:52'),
(36, '201612192', 4, '1', '192.168.1.101', '2016-12-19 16:17:41', '', '', '16', '1', '2016-12-19 16:59:49', '2016-12-19 16:59:52'),
(37, '201612192', 4, '2', '192.168.1.101', '2016-12-19 16:18:41', '', '', '16', '1', '2016-12-19 16:59:49', '2016-12-19 16:59:52'),
(38, '201612192', 4, '1', '192.168.1.102', '2016-12-19 16:02:41', '', '', '16', '1', '2016-12-19 16:59:49', '2016-12-19 16:59:52'),
(39, '201612192', 4, '2', '192.168.1.102', '2016-12-19 16:03:41', '', '', '16', '1', '2016-12-19 16:59:49', '2016-12-19 16:59:52'),
(40, '201612192', 4, '0', '192.168.1.103', '2016-12-19 16:10:41', '', '["error1","error2"]', '16', '1', '2016-12-19 16:59:49', '2016-12-19 16:59:52'),
(41, '201612192', 4, '0', '192.168.1.103', '2016-12-19 16:11:41', '', '["error1","error2"]', '16', '1', '2016-12-19 16:59:49', '2016-12-19 16:59:52'),
(42, '201612192', 4, '-1', '192.168.1.102', '2016-12-19 16:11:41', '', '["warn1","warn2"]', '16', '1', '2016-12-19 16:59:49', '2016-12-19 16:59:52'),
(43, '201612192', 4, '-1', '192.168.1.102', '2016-12-19 16:12:41', '', '["warn1","warn2"]', '16', '1', '2016-12-19 16:59:49', '2016-12-19 16:59:52'),
(44, '201612192', 4, '0', '192.168.1.101', '2016-12-19 16:45:41', '', '["error1","error2"]', '16', '1', '2016-12-19 16:59:49', '2016-12-19 16:59:52'),
(45, '201612192', 4, '0', '192.168.1.101', '2016-12-19 16:19:41', '', '["error1","error2"]', '16', '1', '2016-12-19 16:59:49', '2016-12-19 16:59:52'),
(46, '201612192', 4, '1', '192.168.1.101', '2016-12-19 16:04:41', '', '', '16', '1', '2016-12-19 16:59:49', '2016-12-19 16:59:52'),
(47, '201612192', 4, '2', '192.168.1.101', '2016-12-19 16:05:41', '', '', '16', '1', '2016-12-19 16:59:49', '2016-12-19 16:59:52'),
(48, '201612193', 5, '1', '192.168.1.102', '2016-12-19 16:07:41', '', '', '16', '1', '2016-12-19 16:59:49', '2016-12-19 16:59:52'),
(49, '201612193', 5, '2', '192.168.1.102', '2016-12-19 16:08:41', '', '', '16', '1', '2016-12-19 16:59:49', '2016-12-19 16:59:52'),
(50, '201612193', 5, '1', '192.168.1.103', '2016-12-19 16:16:41', '', '', '16', '1', '2016-12-19 16:59:49', '2016-12-19 16:59:52'),
(51, '201612193', 5, '2', '192.168.1.103', '2016-12-19 16:17:41', '', '', '16', '1', '2016-12-19 16:59:49', '2016-12-19 16:59:52'),
(52, '201612193', 5, '1', '192.168.1.101', '2016-12-19 16:18:41', '', '', '16', '1', '2016-12-19 16:59:49', '2016-12-19 16:59:52'),
(53, '201612193', 5, '2', '192.168.1.101', '2016-12-19 16:19:41', '', '', '16', '1', '2016-12-19 16:59:49', '2016-12-19 16:59:52'),
(54, '201612193', 5, '0', '192.168.1.101', '2016-12-19 16:20:41', '', '["error1","error2"]', '16', '1', '2016-12-19 16:59:49', '2016-12-19 16:59:52'),
(55, '201612193', 5, '0', '192.168.1.103', '2016-12-19 16:21:41', '', '["error1","error2"]', '16', '1', '2016-12-19 16:59:49', '2016-12-19 16:59:52'),
(56, '201612193', 5, '-1', '192.168.1.103', '2016-12-19 16:59:41', '', '["warn1","warn2"]', '16', '1', '2016-12-19 16:59:49', '2016-12-19 16:59:52'),
(57, '201612193', 5, '-1', '192.168.1.101', '2016-12-19 16:59:41', '', '["warn1","warn2"]', '16', '1', '2016-12-19 16:59:49', '2016-12-19 16:59:52'),
(58, '201612193', 6, '1', '192.168.1.101', '2016-12-19 16:22:41', '', '', '16', '1', '2016-12-19 16:59:49', '2016-12-19 16:59:52'),
(59, '201612193', 6, '2', '192.168.1.101', '2016-12-19 16:23:41', '', '', '16', '1', '2016-12-19 16:59:49', '2016-12-19 16:59:52'),
(60, '201612193', 6, '1', '192.168.1.101', '2016-12-19 16:25:41', '', '', '16', '1', '2016-12-19 16:59:49', '2016-12-19 16:59:52'),
(61, '201612193', 6, '2', '192.168.1.101', '2016-12-19 16:26:41', '', '', '16', '1', '2016-12-19 16:59:49', '2016-12-19 16:59:52'),
(62, '201612193', 6, '1', '192.168.1.103', '2016-12-19 16:46:41', '', '', '16', '1', '2016-12-19 16:59:49', '2016-12-19 16:59:52'),
(63, '201612193', 6, '2', '192.168.1.103', '2016-12-19 16:47:41', '', '', '16', '1', '2016-12-19 16:59:49', '2016-12-19 16:59:52'),
(64, '201612193', 6, '0', '192.168.1.102', '2016-12-19 16:59:41', '', '["error1","error2"]', '16', '1', '2016-12-19 16:59:49', '2016-12-19 16:59:52'),
(65, '201612193', 6, '-1', '192.168.1.103', '2016-12-18 17:29:21', '', '["warn1","warn2"]', '17', '7', '0000-00-00 00:00:00', '0000-00-00 00:00:00'),
(66, '201612193', 5, '2', '192.168.1.103', '2016-12-18 16:17:41', '', '', '16', '7', '2016-12-19 16:59:49', '2016-12-19 16:59:52'),
(67, '201612193', 5, '1', '192.168.1.101', '2016-12-18 16:18:41', '', '', '16', '7', '2016-12-19 16:59:49', '2016-12-19 16:59:52'),
(68, '201612193', 5, '2', '192.168.1.101', '2016-12-18 16:19:41', '', '', '16', '7', '2016-12-19 16:59:49', '2016-12-19 16:59:52'),
(69, '201612193', 5, '0', '192.168.1.101', '2016-12-18 16:20:41', '', '["error1","error2"]', '16', '7', '2016-12-19 16:59:49', '2016-12-19 16:59:52'),
(70, '201612193', 5, '0', '192.168.1.103', '2016-12-18 16:21:41', '', '["error1","error2"]', '16', '7', '2016-12-19 16:59:49', '2016-12-19 16:59:52'),
(71, '201612193', 5, '-1', '192.168.1.103', '2016-12-18 16:59:41', '', '["warn1","warn2"]', '16', '7', '2016-12-19 16:59:49', '2016-12-19 16:59:52'),
(72, '201612193', 5, '-1', '192.168.1.101', '2016-12-18 16:59:41', '', '["warn1","warn2"]', '16', '7', '2016-12-19 16:59:49', '2016-12-19 16:59:52'),
(73, '201612193', 6, '1', '192.168.1.101', '2016-12-17 16:22:41', '', '', '16', '6', '2016-12-19 16:59:49', '2016-12-19 16:59:52'),
(74, '201612193', 6, '2', '192.168.1.101', '2016-12-17 16:23:41', '', '', '16', '6', '2016-12-19 16:59:49', '2016-12-19 16:59:52'),
(75, '201612193', 6, '1', '192.168.1.101', '2016-12-16 16:25:41', '', '', '16', '5', '2016-12-19 16:59:49', '2016-12-19 16:59:52'),
(76, '201612193', 6, '2', '192.168.1.101', '2016-12-17 16:26:41', '', '', '16', '6', '2016-12-19 16:59:49', '2016-12-19 16:59:52'),
(77, '201612193', 6, '1', '192.168.1.103', '2016-12-16 16:46:41', '', '', '16', '5', '2016-12-19 16:59:49', '2016-12-19 16:59:52'),
(78, '201612193', 6, '2', '192.168.1.103', '2016-12-16 16:47:41', '', '', '16', '5', '2016-12-19 16:59:49', '2016-12-19 16:59:52'),
(79, '201612193', 6, '0', '192.168.1.102', '2016-12-13 16:59:41', '', '["error1","error2"]', '16', '2', '2016-12-19 16:59:49', '2016-12-19 16:59:52'),
(80, '201612191', 1, '1', '192.168.1.101', '2016-12-15 16:59:41', '', '', '16', '4', '2016-12-19 16:59:49', '2016-12-19 16:59:52'),
(81, '201612191', 1, '2', '192.168.1.101', '2016-12-15 17:59:41', '', '', '17', '4', '2016-12-19 16:59:49', '2016-12-19 16:59:52'),
(82, '201612191', 1, '1', '192.168.1.102', '2016-12-01 16:59:41', '', '', '16', '4', '2016-12-19 16:59:49', '2016-12-19 16:59:52'),
(83, '201612191', 1, '2', '192.168.1.102', '2016-12-01 17:59:41', '', '', '17', '4', '2016-12-19 16:59:49', '2016-12-19 16:59:52'),
(84, '201612191', 1, '1', '192.168.1.101', '2016-12-02 18:59:41', '', '', '18', '5', '2016-12-19 16:59:49', '2016-12-19 16:59:52'),
(85, '201612191', 1, '2', '192.168.1.101', '2016-12-02 19:59:41', '', '', '19', '5', '2016-12-19 16:59:49', '2016-12-19 16:59:52'),
(86, '201612191', 1, '1', '192.168.1.103', '2016-12-03 16:59:41', '', '', '16', '6', '2016-12-19 16:59:49', '2016-12-19 16:59:52'),
(87, '201612191', 1, '2', '192.168.1.103', '2016-12-03 17:20:41', '', '', '17', '6', '2016-12-19 16:59:49', '2016-12-19 16:59:52'),
(88, '201612191', 1, '0', '192.168.1.101', '2016-12-06 16:59:41', '', '["error1","error2"]', '16', '2', '2016-12-19 16:59:49', '2016-12-19 16:59:52'),
(89, '201612191', 1, '0', '192.168.1.101', '2016-12-05 06:59:41', '', '["error1","error2"]', '06', '1', '2016-12-19 16:59:49', '2016-12-19 16:59:52'),
(90, '201612191', 1, '-1', '192.168.1.102', '2016-12-08 15:59:41', '', '["warn1","warn2"]', '15', '4', '2016-12-19 16:59:49', '2016-12-19 16:59:52'),
(91, '201612191', 1, '-1', '192.168.1.103', '2016-12-15 16:30:41', '', '["warn1","warn2"]', '16', '4', '2016-12-19 16:59:49', '2016-12-19 16:59:52'),
(92, '201612191', 1, '-1', '192.168.1.101', '2016-12-14 16:59:00', '', '["warn1","warn2"]', '16', '3', '2016-12-19 16:59:49', '2016-12-19 16:59:52'),
(93, '201612191', 2, '1', '192.168.1.101', '2016-12-08 16:31:41', '', '', '16', '4', '2016-12-19 16:59:49', '2016-12-19 16:59:52'),
(94, '201612191', 2, '2', '192.168.1.101', '2016-12-08 16:32:41', '', '', '16', '4', '2016-12-19 16:59:49', '2016-12-19 16:59:52'),
(95, '201612191', 2, '1', '192.168.1.102', '2016-12-09 16:33:41', '', '', '16', '5', '2016-12-19 16:59:49', '2016-12-19 16:59:52'),
(96, '201612191', 2, '2', '192.168.1.102', '2016-12-09 16:33:59', '', '', '16', '5', '2016-12-19 16:59:49', '2016-12-19 16:59:52'),
(97, '201612191', 2, '1', '192.168.1.103', '2016-12-10 16:34:41', '', '', '16', '6', '2016-12-19 16:59:49', '2016-12-19 16:59:52'),
(98, '201612191', 2, '2', '192.168.1.103', '2016-12-10 16:35:41', '', '', '16', '6', '2016-12-19 16:59:49', '2016-12-19 16:59:52'),
(99, '201612191', 2, '0', '192.168.1.101', '2016-11-29 16:36:41', '', '["error1","error2"]', '16', '2', '2016-12-19 16:59:49', '2016-12-19 16:59:52'),
(100, '201612191', 2, '0', '192.168.1.102', '2016-11-30 16:37:41', '', '["error1","error2"]', '16', '3', '2016-12-19 16:59:49', '2016-12-19 16:59:52'),
(101, '201612191', 2, '-1', '192.168.1.101', '2016-11-28 16:38:41', '', '["warn1","warn2"]', '16', '1', '2016-12-19 16:59:49', '2016-12-19 16:59:52'),
(102, '201612192', 3, '1', '192.168.1.101', '2016-11-30 16:50:41', '', '', '16', '3', '2016-12-19 16:59:49', '2016-12-19 16:59:52'),
(103, '201612192', 3, '2', '192.168.1.101', '2016-11-30 16:59:41', '', '', '16', '3', '2016-12-19 16:59:49', '2016-12-19 16:59:52'),
(104, '201612192', 3, '1', '192.168.1.102', '2016-12-14 16:56:41', '', '', '16', '6', '2016-12-19 16:59:49', '2016-12-19 16:59:52'),
(105, '201612192', 3, '2', '192.168.1.102', '2016-12-14 16:59:41', '', '', '16', '6', '2016-12-19 16:59:49', '2016-12-19 16:59:52'),
(106, '201612192', 3, '1', '192.168.1.103', '2016-12-15 16:55:41', '', '', '16', '4', '2016-12-19 16:59:49', '2016-12-19 16:59:52'),
(107, '201612192', 3, '2', '192.168.1.103', '2016-12-15 16:59:41', '', '', '16', '4', '2016-12-19 16:59:49', '2016-12-19 16:59:52'),
(108, '201612192', 3, '1', '192.168.1.101', '2016-12-16 16:20:41', '', '', '16', '5', '2016-12-19 16:59:49', '2016-12-19 16:59:52'),
(109, '201612192', 3, '2', '192.168.1.101', '2016-12-16 16:21:41', '', '', '16', '5', '2016-12-19 16:59:49', '2016-12-19 16:59:52'),
(110, '201612192', 3, '0', '192.168.1.101', '2016-11-28 15:59:41', '', '["error1","error2"]', '15', '1', '2016-12-19 16:59:49', '2016-12-19 16:59:52'),
(111, '201612192', 3, '0', '192.168.1.102', '2016-11-21 15:59:41', '', '["error1","error2"]', '15', '1', '2016-12-19 16:59:49', '2016-12-19 16:59:52'),
(112, '201612192', 3, '-1', '192.168.1.101', '2016-11-26 16:01:41', '', '["warn1","warn2"]', '16', '6', '2016-12-19 16:59:49', '2016-12-19 16:59:52'),
(113, '201612192', 4, '1', '192.168.1.101', '2016-12-12 16:44:41', '', '', '16', '1', '2016-12-19 16:59:49', '2016-12-19 16:59:52'),
(114, '201612192', 4, '2', '192.168.1.101', '2016-12-13 16:15:41', '', '', '16', '2', '2016-12-19 16:59:49', '2016-12-19 16:59:52'),
(115, '201612192', 4, '1', '192.168.1.101', '2016-12-13 16:17:41', '', '', '16', '2', '2016-12-19 16:59:49', '2016-12-19 16:59:52'),
(116, '201612192', 4, '2', '192.168.1.101', '2016-12-13 16:18:41', '', '', '16', '2', '2016-12-19 16:59:49', '2016-12-19 16:59:52'),
(117, '201612192', 4, '1', '192.168.1.102', '2016-12-06 16:02:41', '', '', '16', '2', '2016-12-19 16:59:49', '2016-12-19 16:59:52'),
(118, '201612192', 4, '2', '192.168.1.102', '2016-12-06 16:03:41', '', '', '16', '', '2016-12-19 16:59:49', '2016-12-19 16:59:52'),
(119, '201612192', 4, '0', '192.168.1.103', '2016-12-02 16:10:41', '', '["error1","error2"]', '16', '5', '2016-12-19 16:59:49', '2016-12-19 16:59:52'),
(120, '201612192', 4, '0', '192.168.1.103', '2016-12-02 16:11:41', '', '["error1","error2"]', '16', '5', '2016-12-19 16:59:49', '2016-12-19 16:59:52'),
(121, '201612192', 4, '-1', '192.168.1.102', '2016-12-02 16:11:41', '', '["warn1","warn2"]', '16', '5', '2016-12-19 16:59:49', '2016-12-19 16:59:52'),
(122, '201612192', 4, '-1', '192.168.1.102', '2016-12-02 16:12:41', '', '["warn1","warn2"]', '16', '5', '2016-12-19 16:59:49', '2016-12-19 16:59:52'),
(123, '201612192', 4, '0', '192.168.1.101', '2016-12-03 16:45:41', '', '["error1","error2"]', '16', '6', '2016-12-19 16:59:49', '2016-12-19 16:59:52'),
(124, '201612192', 4, '0', '192.168.1.101', '2016-12-03 16:19:41', '', '["error1","error2"]', '16', '6', '2016-12-19 16:59:49', '2016-12-19 16:59:52'),
(125, '201612192', 4, '1', '192.168.1.101', '2016-12-11 16:04:41', '', '', '16', '7', '2016-12-19 16:59:49', '2016-12-19 16:59:52'),
(126, '201612192', 4, '2', '192.168.1.101', '2016-12-11 16:05:41', '', '', '16', '7', '2016-12-19 16:59:49', '2016-12-19 16:59:52'),
(127, '201612193', 5, '1', '192.168.1.102', '2016-12-13 16:07:41', '', '', '16', '2', '2016-12-19 16:59:49', '2016-12-19 16:59:52');

-- --------------------------------------------------------

--
-- 表的结构 `session`
--

CREATE TABLE `session` (
  `id` varchar(64) NOT NULL,
  `expire` int(11) NOT NULL,
  `data` blob NOT NULL
) ENGINE=InnoDB DEFAULT CHARSET=utf8;

-- --------------------------------------------------------

--
-- 表的结构 `unique_id`
--

CREATE TABLE `unique_id` (
  `id` int(11) UNSIGNED NOT NULL
) ENGINE=InnoDB DEFAULT CHARSET=utf8;

--
-- Indexes for dumped tables
--

--
-- Indexes for table `access_log`
--
ALTER TABLE `access_log`
  ADD PRIMARY KEY (`id`);

--
-- Indexes for table `cache`
--
ALTER TABLE `cache`
  ADD PRIMARY KEY (`id`);

--
-- Indexes for table `daycount`
--
ALTER TABLE `daycount`
  ADD PRIMARY KEY (`id`);

--
-- Indexes for table `domain`
--
ALTER TABLE `domain`
  ADD PRIMARY KEY (`id`);

--
-- Indexes for table `ipaddress`
--
ALTER TABLE `ipaddress`
  ADD PRIMARY KEY (`id`);

--
-- Indexes for table `page`
--
ALTER TABLE `page`
  ADD PRIMARY KEY (`id`);

--
-- Indexes for table `scount`
--
ALTER TABLE `scount`
  ADD PRIMARY KEY (`id`);

--
-- Indexes for table `session`
--
ALTER TABLE `session`
  ADD PRIMARY KEY (`id`);

--
-- Indexes for table `unique_id`
--
ALTER TABLE `unique_id`
  ADD PRIMARY KEY (`id`);

--
-- 在导出的表使用AUTO_INCREMENT
--

--
-- 使用表AUTO_INCREMENT `access_log`
--
ALTER TABLE `access_log`
  MODIFY `id` int(10) UNSIGNED NOT NULL AUTO_INCREMENT;
--
-- 使用表AUTO_INCREMENT `daycount`
--
ALTER TABLE `daycount`
  MODIFY `id` int(10) UNSIGNED NOT NULL AUTO_INCREMENT, AUTO_INCREMENT=194;
--
-- 使用表AUTO_INCREMENT `domain`
--
ALTER TABLE `domain`
  MODIFY `id` int(10) UNSIGNED NOT NULL AUTO_INCREMENT, AUTO_INCREMENT=17;
--
-- 使用表AUTO_INCREMENT `ipaddress`
--
ALTER TABLE `ipaddress`
  MODIFY `id` int(10) UNSIGNED NOT NULL AUTO_INCREMENT, AUTO_INCREMENT=6;
--
-- 使用表AUTO_INCREMENT `page`
--
ALTER TABLE `page`
  MODIFY `id` int(10) UNSIGNED NOT NULL AUTO_INCREMENT, AUTO_INCREMENT=7;
--
-- 使用表AUTO_INCREMENT `scount`
--
ALTER TABLE `scount`
  MODIFY `id` int(10) UNSIGNED NOT NULL AUTO_INCREMENT, AUTO_INCREMENT=128;
--
-- 使用表AUTO_INCREMENT `unique_id`
--
ALTER TABLE `unique_id`
  MODIFY `id` int(11) UNSIGNED NOT NULL AUTO_INCREMENT;
/*!40101 SET CHARACTER_SET_CLIENT=@OLD_CHARACTER_SET_CLIENT */;
/*!40101 SET CHARACTER_SET_RESULTS=@OLD_CHARACTER_SET_RESULTS */;
/*!40101 SET COLLATION_CONNECTION=@OLD_COLLATION_CONNECTION */;
